{
    "base_station_set": {
      "1": {
        "id": 1,
        "bs_name": "BS1",
        "node_label": "0\n(5.45)",
        "node_latency": 5.45,
        "wireless_latency": 0.23,
        "signal_range": 0.13,
        "position": [
          0.7897527027412774,
          0.3836396512363156
        ],
        "edges": [
            "6",
            "7",
            "4"
        ],
        "edge_net_latencies": [
            1.11,
            0.87,
            2.83
        ],
        "edge_net_throughputs": [
            170,
            150.3,
            189
        ]
      },
      "2": {
        "id": 2,
        "bs_name": "BS2",
        "node_label": "0\n(3.5)",
        "node_latency": 3.5,
        "wireless_latency": 0.23,
        "signal_range": 0.13,
        "position": [
          0.8897527027412774,
          0.5836396512363156
        ],
        "edges": [
            "7",
            "8"
        ],
        "edge_net_latencies": [
            0.71,
            0.91
        ],
        "edge_net_throughputs": [
            79.2,
            95.39
        ]
      },
      "3": {
        "id": 3,
        "bs_name": "BS3",
        "node_label": "0\n(2.26)",
        "node_latency": 2.26,
        "wireless_latency": 0.23,
        "signal_range": 0.13,
        "position": [
          0.7897527027412774,
          0.8836396512363156
        ],
        "edges": [
            "5",
            "7"
        ],
        "edge_net_latencies": [
            0.32,
            0.71
        ],
        "edge_net_throughputs": [
            54.18,
            61.52
        ]
      },
      "4": {
        "id": 4,
        "bs_name": "BS4",
        "node_label": "0\n(4.12)",
        "node_latency": 4.12,
        "wireless_latency": 0.23,
        "signal_range": 0.13,
        "position": [
          0.2897527027412774,
          0.5836396512363156
        ],
        "edges": [
            "5",
            "6",
            "1"
        ],
        "edge_net_latencies": [
            0.68,
            0.53,
            2.83
        ],
        "edge_net_throughputs": [
            60.97,
            83.53,
            189
        ]
      },
      "5": {
        "id": 5,
        "bs_name": "BS5",
        "node_label": "0\n(4.02)",
        "node_latency": 4.02,
        "wireless_latency": 0.23,
        "signal_range": 0.13,
        "position": [
          0.4897527027412774,
          0.8836396512363156
        ],
        "edges": [
            "3",
            "4"
        ],
        "edge_net_latencies": [
            0.32,
            0.68
        ],
        "edge_net_throughputs": [
            54.18,
            60.97
        ]
      },
      "6": {
        "id": 6,
        "bs_name": "BS6",
        "node_label": "0\n(3.71)",
        "node_latency": 3.71,
        "wireless_latency": 0.23,
        "signal_range": 0.13,
        "position": [
          0.4897527027412774,
          0.3836396512363156
        ],
        "edges": [
            "1",
            "4"
        ],
        "edge_net_latencies": [
            1.11,
            0.53
        ],
        "edge_net_throughputs": [
            170,
            83.53
        ]
      },
      "7": {
        "id": 7,
        "bs_name": "BS7",
        "node_label": "0\n(3.55)",
        "node_latency": 3.55,
        "wireless_latency": 0.23,
        "signal_range": 0.13,
        "position": [
          0.5897527027412774,
          0.5836396512363156
        ],
        "edges": [
            "1",
            "2",
            "3"
        ],
        "edge_net_latencies": [
            0.87,
            0.71,
            0.71
        ],
        "edge_net_throughputs": [
            150.3,
            79.2,
            61.52
        ]
      },
      "8": {
        "id": 8,
        "bs_name": "BS8",
        "node_label": "0\n(3.34)",
        "node_latency": 3.34,
        "wireless_latency": 0.23,
        "signal_range": 0.13,
        "position": [
          0.9897527027412774,
          0.5836396512363156
        ],
        "edges": [
            "2"
        ],
        "edge_net_latencies": [
            0.91
        ],
        "edge_net_throughputs": [
            95.39
        ]
      }

    }
}